<?xml version="1.0" encoding="UTF-8"?>
<metadata xml:lang="en"><Esri><CreaDate>20210503</CreaDate><CreaTime>18424900</CreaTime><ArcGISFormat>1.0</ArcGISFormat><SyncOnce>TRUE</SyncOnce><DataProperties><lineage><Process ToolSource="c:\program files\arcgis\pro\Resources\ArcToolbox\Toolboxes\Data Management Tools.tbx\Rename" Date="20210503" Time="184249">Rename C:\Users\uuusta01\uep239-final-project\MBTA_Bus_Routes_and_Stops\MBTA_Bus_Routes_and_Stops.shp C:\Users\uuusta01\uep239-final-project\MBTA_Bus_Routes_and_Stops\MBTA_Bus_Stops.shp ShapeFile</Process></lineage></DataProperties></Esri></metadata>
